Year,Category,Full Name,Birth Date,Birth Country,Death Country
1901,Chemistry,Jacobus Henricus van 't Hoff,1852-08-30,Netherlands,Germany
1901,Literature,Sully Prudhomme,1839-03-16,France,France
1901,Medicine,Emil Adolf von Behring,1854-03-15,Prussia (Poland),Germany
1901,Peace,Jean Henry Dunant,1828-05-08,Switzerland,Switzerland
1901,Peace,Frédéric Passy,1822-05-20,France,France
1901,Physics,Wilhelm Conrad Röntgen,1845-03-27,Prussia (Germany),Germany
1902,Chemistry,Hermann Emil Fischer,1852-10-09,Prussia (Germany),Germany
1902,Literature,Christian Matthias Theodor Mommsen,1817-11-30,Schleswig (Germany),Germany
1902,Medicine,Ronald Ross,1857-05-13,India,United Kingdom
1902,Peace,Élie Ducommun,1833-02-19,Switzerland,Switzerland
1902,Peace,Charles Albert Gobat,1843-05-21,Switzerland,Switzerland
1902,Physics,Hendrik Antoon Lorentz,1853-07-18,Netherlands,Netherlands
1902,Physics,Pieter Zeeman,1865-05-25,Netherlands,Netherlands
1903,Chemistry,Svante August Arrhenius,1859-02-19,Sweden,Sweden
1903,Literature,Bjørnstjerne Martinus Bjørnson,1832-12-08,Norway,France
1903,Medicine,Niels Ryberg Finsen,1860-12-15,Faroe Islands (Denmark),Denmark
1903,Peace,William Randal Cremer,1828-03-18,United Kingdom,United Kingdom
1903,Physics,Antoine Henri Becquerel,1852-12-15,France,France
1903,Physics,Pierre Curie,1859-05-15,France,France
1903,Physics,"Marie Curie, née Sklodowska",1867-11-07,Russian Empire (Poland),France
1904,Chemistry,Sir William Ramsay,1852-10-02,Scotland,United Kingdom
1904,Literature,Frédéric Mistral,1830-09-08,France,France
1904,Literature,José Echegaray y Eizaguirre,1832-04-19,Spain,Spain
1904,Medicine,Ivan Petrovich Pavlov,1849-09-14,Russia,Russia
1904,Peace,Institut de droit international (Institute of International Law),,,
1904,Physics,Lord Rayleigh (John William Strutt),1842-11-12,United Kingdom,United Kingdom
1905,Chemistry,Johann Friedrich Wilhelm Adolf von Baeyer,1835-10-31,Prussia (Germany),Germany
1905,Literature,Henryk Sienkiewicz,1846-05-05,Poland,Switzerland
1905,Medicine,Robert Koch,1843-12-11,Germany,Germany
1905,Peace,"Baroness Bertha Sophie Felicita von Suttner, née Countess Kinsky von Chinic und Tettau",1843-06-09,Austrian Empire (Czech Republic),Austria
1905,Physics,Philipp Eduard Anton von Lenard,1862-06-07,Hungary (Slovakia),Germany
1906,Chemistry,Henri Moissan,1852-09-28,France,France
1906,Literature,Giosuè Carducci,1835-07-27,Tuscany (Italy),Italy
1906,Medicine,Camillo Golgi,1843-07-07,Italy,Italy
1906,Medicine,Santiago Ramón y Cajal,1852-05-01,Spain,Spain
1906,Peace,Theodore Roosevelt,1858-10-27,United States of America,United States of America
1906,Physics,Joseph John Thomson,1856-12-18,United Kingdom,United Kingdom
1907,Chemistry,Eduard Buchner,1860-05-20,Bavaria (Germany),Romania
1907,Literature,Rudyard Kipling,1865-12-30,British India (India),United Kingdom
1907,Medicine,Charles Louis Alphonse Laveran,1845-06-18,France,France
1907,Peace,Ernesto Teodoro Moneta,1833-09-20,Austrian Empire (Italy),Italy
1907,Peace,Louis Renault,1843-05-21,France,France
1907,Physics,Albert Abraham Michelson,1852-12-19,Prussia (Poland),United States of America
1908,Chemistry,Ernest Rutherford,1871-08-30,New Zealand,United Kingdom
1908,Literature,Rudolf Christoph Eucken,1846-01-05,East Friesland (Germany),Germany
1908,Medicine,Ilya Ilyich Mechnikov,1845-05-15,Russian Empire (Ukraine),France
1908,Medicine,Paul Ehrlich,1854-03-14,Prussia (Poland),Germany
1908,Medicine,Paul Ehrlich,1854-03-14,Prussia (Poland),Germany
1908,Peace,Klas Pontus Arnoldson,1844-10-27,Sweden,Sweden
1908,Peace,Fredrik Bajer,1837-04-21,Denmark,Denmark
1908,Physics,Gabriel Lippmann,1845-08-16,Luxembourg,
1909,Chemistry,Wilhelm Ostwald,1853-09-02,Russian Empire (Latvia),Germany
1909,Literature,Selma Ottilia Lovisa Lagerlöf,1858-11-20,Sweden,Sweden
1909,Medicine,Emil Theodor Kocher,1841-08-25,Switzerland,Switzerland
1909,Peace,Auguste Marie François Beernaert,1829-07-26,Belgium,Switzerland
1909,Peace,"Paul Henri Benjamin Balluet d'Estournelles de Constant, Baron de Constant de Rebecque",1852-11-22,France,France
1909,Physics,Guglielmo Marconi,1874-04-25,Italy,Italy
1909,Physics,Karl Ferdinand Braun,1850-06-06,Hesse-Kassel (Germany),United States of America
1910,Chemistry,Otto Wallach,1847-03-27,Germany (Russia),Germany
1910,Literature,Paul Johann Ludwig Heyse,1830-03-15,Prussia (Germany),Germany
1910,Medicine,Albrecht Kossel,1853-09-16,Mecklenburg (Germany),Germany
1910,Peace,Bureau international permanent de la Paix (Permanent International Peace Bureau),,,
1910,Physics,Johannes Diderik van der Waals,1837-11-23,Netherlands,Netherlands
1911,Chemistry,"Marie Curie, née Sklodowska",1867-11-07,Russian Empire (Poland),France
1911,Literature,Count Maurice (Mooris) Polidore Marie Bernhard Maeterlinck,1862-08-29,Belgium,France
1911,Medicine,Allvar Gullstrand,1862-06-05,Sweden,Sweden
1911,Peace,Tobias Michael Carel Asser,1838-04-28,Netherlands,Netherlands
1911,Peace,Alfred Hermann Fried,1864-11-11,Austria,Austria
1911,Physics,Wilhelm Wien,1864-01-13,Prussia (Russia),Germany
1912,Chemistry,Victor Grignard,1871-05-06,France,France
1912,Chemistry,Paul Sabatier,1854-11-05,France,France
1912,Literature,Gerhart Johann Robert Hauptmann,1862-11-15,Prussia (Germany),Germany (Poland)
1912,Medicine,Alexis Carrel,1873-06-28,France,France
1912,Peace,Elihu Root,1845-02-15,United States of America,United States of America
1912,Physics,Nils Gustaf Dalén,1869-11-30,Sweden,Sweden
1913,Chemistry,Alfred Werner,1866-12-12,France,Switzerland
1913,Literature,Rabindranath Tagore,1861-05-07,India,India
1913,Medicine,Charles Robert Richet,1850-08-26,France,France
1913,Peace,Henri La Fontaine,1854-04-22,Belgium,Belgium
1913,Physics,Heike Kamerlingh Onnes,1853-09-21,Netherlands,Netherlands
1914,Chemistry,Theodore William Richards,1868-01-31,United States of America,United States of America
1914,Medicine,Robert Bárány,1876-04-22,Austria,Sweden
1914,Physics,Max von Laue,1879-10-09,Germany,West Germany (Germany)
1915,Chemistry,Richard Martin Willstätter,1872-08-13,Germany,Switzerland
1915,Literature,Romain Rolland,1866-01-29,France,France
1915,Physics,Sir William Henry Bragg,1862-07-02,United Kingdom,United Kingdom
1915,Physics,William Lawrence Bragg,1890-03-31,Australia,United Kingdom
1916,Literature,Carl Gustaf Verner von Heidenstam,1859-07-06,Sweden,Sweden
1917,Literature,Karl Adolph Gjellerup,1857-06-02,Denmark,Germany
1917,Literature,Henrik Pontoppidan,1857-07-24,Denmark,Denmark
1917,Peace,Comité international de la Croix Rouge (International Committee of the Red Cross),,,
1917,Physics,Charles Glover Barkla,1877-06-07,United Kingdom,Scotland
1918,Chemistry,Fritz Haber,1868-12-09,Prussia (Poland),Switzerland
1918,Physics,Max Karl Ernst Ludwig Planck,1858-04-23,Schleswig (Germany),West Germany (Germany)
1919,Literature,Carl Friedrich Georg Spitteler,1845-04-24,Switzerland,Switzerland
1919,Medicine,Jules Bordet,1870-06-13,Belgium,Belgium
1919,Peace,Thomas Woodrow Wilson,1856-12-28,United States of America,United States of America
1919,Physics,Johannes Stark,1874-04-15,Germany,West Germany (Germany)
1920,Chemistry,Walther Hermann Nernst,1864-06-25,Prussia (Germany),Germany
1920,Literature,Knut Pedersen Hamsun,1859-08-04,Norway,Norway
1920,Medicine,Schack August Steenberg Krogh,1874-11-15,Denmark,Denmark
1920,Peace,Léon Victor Auguste Bourgeois,1851-05-21,France,France
1920,Physics,Charles Edouard Guillaume,1861-02-15,Switzerland,France
1921,Chemistry,Frederick Soddy,1877-09-02,United Kingdom,United Kingdom
1921,Literature,Anatole France,1844-04-16,France,France
1921,Peace,Karl Hjalmar Branting,1860-11-23,Sweden,Sweden
1921,Peace,Christian Lous Lange,1869-09-17,Norway,Norway
1921,Physics,Albert Einstein,1879-03-14,Germany,United States of America
1922,Chemistry,Francis William Aston,1877-09-01,United Kingdom,United Kingdom
1922,Literature,Jacinto Benavente,1866-08-12,Spain,Spain
1922,Medicine,Archibald Vivian Hill,1886-09-26,United Kingdom,United Kingdom
1922,Medicine,Otto Fritz Meyerhof,1884-04-12,Germany,United States of America
1922,Peace,Fridtjof Nansen,1861-10-10,Norway,Norway
1922,Physics,Niels Henrik David Bohr,1885-10-07,Denmark,Denmark
1923,Chemistry,Fritz Pregl,1869-09-03,Austria-Hungary (Slovenia),Austria
1923,Literature,William Butler Yeats,1865-06-13,Ireland,France
1923,Medicine,Frederick Grant Banting,1891-11-14,Canada,Canada
1923,Medicine,John James Rickard Macleod,1876-09-06,Scotland,Scotland
1923,Physics,Robert Andrews Millikan,1868-03-22,United States of America,United States of America
1924,Literature,Wladyslaw Stanislaw Reymont,1867-05-07,Russian Empire (Poland),Poland
1924,Medicine,Willem Einthoven,1860-05-21,"Java, Dutch East Indies (Indonesia)",Netherlands
1924,Physics,Karl Manne Georg Siegbahn,1886-12-03,Sweden,Sweden
1925,Chemistry,Richard Adolf Zsigmondy,1865-04-01,Austrian Empire (Austria),Germany
1925,Literature,George Bernard Shaw,1856-07-26,Ireland,United Kingdom
1925,Peace,Sir Austen Chamberlain,1863-10-16,United Kingdom,United Kingdom
1925,Peace,Charles Gates Dawes,1865-08-27,United States of America,United States of America
1925,Physics,James Franck,1882-08-26,Germany,West Germany (Germany)
1925,Physics,Gustav Ludwig Hertz,1887-07-22,Germany,East Germany
1926,Chemistry,The (Theodor) Svedberg,1884-08-30,Sweden,Sweden
1926,Literature,Grazia Deledda,1871-09-27,Italy,Italy
1926,Medicine,Johannes Andreas Grib Fibiger,1867-04-23,Denmark,Denmark
1926,Peace,Aristide Briand,1862-03-28,France,France
1926,Peace,Gustav Stresemann,1878-05-10,Germany,Germany
1926,Physics,Jean Baptiste Perrin,1870-09-30,France,United States of America
1927,Chemistry,Heinrich Otto Wieland,1877-06-04,Germany,West Germany (Germany)
1927,Literature,Henri Bergson,1859-10-18,France,France
1927,Medicine,Julius Wagner-Jauregg,1857-03-07,Austria,Austria
1927,Peace,Ferdinand Buisson,1841-12-20,France,France
1927,Peace,Ludwig Quidde,1858-03-23,Germany,Switzerland
1927,Physics,Arthur Holly Compton,1892-09-10,United States of America,United States of America
1927,Physics,Charles Thomson Rees Wilson,1869-02-14,Scotland,Scotland
1928,Chemistry,Adolf Otto Reinhold Windaus,1876-12-25,Germany,West Germany (Germany)
1928,Literature,Sigrid Undset,1882-05-20,Denmark,Norway
1928,Medicine,Charles Jules Henri Nicolle,1866-09-21,France,Tunisia
1928,Physics,Owen Willans Richardson,1879-04-26,United Kingdom,United Kingdom
1929,Chemistry,Arthur Harden,1865-10-12,United Kingdom,United Kingdom
1929,Chemistry,Hans Karl August Simon von Euler-Chelpin,1873-02-15,Germany,Sweden
1929,Literature,Thomas Mann,1875-06-06,Germany,Switzerland
1929,Medicine,Christiaan Eijkman,1858-08-11,Netherlands,Netherlands
1929,Medicine,Sir Frederick Gowland Hopkins,1861-06-20,United Kingdom,United Kingdom
1929,Peace,Frank Billings Kellogg,1856-12-22,United States of America,United States of America
1929,Physics,Prince Louis-Victor Pierre Raymond de Broglie,1892-08-15,France,France
1930,Chemistry,Hans Fischer,1881-07-27,Germany,Germany
1930,Literature,Sinclair Lewis,1885-02-07,United States of America,Italy
1930,Medicine,Karl Landsteiner,1868-06-14,Austrian Empire (Austria),United States of America
1930,Peace,Lars Olof Jonathan (Nathan) Söderblom,1866-01-15,Sweden,Sweden
1930,Physics,Sir Chandrasekhara Venkata Raman,1888-11-07,India,India
1931,Chemistry,Carl Bosch,1874-08-27,Germany,Germany
1931,Chemistry,Carl Bosch,1874-08-27,Germany,Germany
1931,Chemistry,Friedrich Bergius,1884-10-11,Germany (Poland),Argentina
1931,Chemistry,Friedrich Bergius,1884-10-11,Germany (Poland),Argentina
1931,Literature,Erik Axel Karlfeldt,1864-07-20,Sweden,Sweden
1931,Medicine,Otto Heinrich Warburg,1883-10-08,Germany,West Germany (Germany)
1931,Peace,Jane Addams,1860-09-06,United States of America,United States of America
1931,Peace,Nicholas Murray Butler,1862-04-02,United States of America,United States of America
1932,Chemistry,Irving Langmuir,1881-01-31,United States of America,United States of America
1932,Literature,John Galsworthy,1867-08-14,United Kingdom,United Kingdom
1932,Medicine,Sir Charles Scott Sherrington,1857-11-27,United Kingdom,United Kingdom
1932,Medicine,Edgar Douglas Adrian,1889-11-30,United Kingdom,United Kingdom
1932,Physics,Werner Karl Heisenberg,1901-12-05,Germany,West Germany (Germany)
1933,Literature,Ivan Alekseyevich Bunin,1870-10-22,Russia,France
1933,Medicine,Thomas Hunt Morgan,1866-09-25,United States of America,United States of America
1933,Peace,Sir Norman Angell (Ralph Lane),1872-12-26,United Kingdom,United Kingdom
1933,Physics,Erwin Schrödinger,1887-08-12,Austria,Austria
1933,Physics,Paul Adrien Maurice Dirac,1902-08-08,United Kingdom,United States of America
1934,Chemistry,Harold Clayton Urey,1893-04-29,United States of America,United States of America
1934,Literature,Luigi Pirandello,1867-06-28,Italy,Italy
1934,Medicine,George Hoyt Whipple,1878-08-28,United States of America,United States of America
1934,Medicine,George Richards Minot,1885-12-02,United States of America,United States of America
1934,Medicine,William Parry Murphy,1892-02-06,United States of America,United States of America
1934,Medicine,William Parry Murphy,1892-02-06,United States of America,United States of America
1934,Peace,Arthur Henderson,1863-09-13,Scotland,United Kingdom
1935,Chemistry,Frédéric Joliot,1900-03-19,France,France
1935,Chemistry,Irène Joliot-Curie,1897-09-12,France,France
1935,Medicine,Hans Spemann,1869-06-27,W&uuml;rttemberg (Germany),Germany
1935,Peace,Carl von Ossietzky,1889-10-03,Germany,Germany
1935,Physics,James Chadwick,1891-10-20,United Kingdom,United Kingdom
1936,Chemistry,Petrus (Peter) Josephus Wilhelmus Debye,1884-03-24,Netherlands,United States of America
1936,Chemistry,Petrus (Peter) Josephus Wilhelmus Debye,1884-03-24,Netherlands,United States of America
1936,Literature,Eugene Gladstone O'Neill,1888-10-16,United States of America,United States of America
1936,Medicine,Sir Henry Hallett Dale,1875-06-09,United Kingdom,United Kingdom
1936,Medicine,Otto Loewi,1873-06-03,Germany,United States of America
1936,Peace,Carlos Saavedra Lamas,1878-11-01,Argentina,Argentina
1936,Physics,Victor Franz Hess,1883-06-24,Austria,United States of America
1936,Physics,Carl David Anderson,1905-09-03,United States of America,United States of America
1937,Chemistry,Walter Norman Haworth,1883-03-19,United Kingdom,United Kingdom
1937,Chemistry,Paul Karrer,1889-04-21,Russia,Switzerland
1937,Literature,Roger Martin du Gard,1881-03-23,France,France
1937,Medicine,Albert von Szent-Györgyi Nagyrápolt,1893-09-16,Austria-Hungary (Hungary),United States of America
1937,Peace,"Cecil of Chelwood, Viscount (Lord Edgar Algernon Robert Gascoyne Cecil)",1864-09-14,United Kingdom,United Kingdom
1937,Physics,Clinton Joseph Davisson,1881-10-22,United States of America,United States of America
1937,Physics,George Paget Thomson,1892-05-03,United Kingdom,United Kingdom
1938,Chemistry,Richard Kuhn,1900-12-03,Austria-Hungary (Austria),West Germany (Germany)
1938,Chemistry,Richard Kuhn,1900-12-03,Austria-Hungary (Austria),West Germany (Germany)
1938,Literature,Pearl Buck,1892-06-26,United States of America,United States of America
1938,Medicine,Corneille Jean François Heymans,1892-03-28,Belgium,Belgium
1938,Peace,Office international Nansen pour les Réfugiés (Nansen International Office for Refugees),,,
1938,Physics,Enrico Fermi,1901-09-29,Italy,United States of America
1939,Chemistry,Adolf Friedrich Johann Butenandt,1903-03-24,Germany,Germany
1939,Chemistry,Adolf Friedrich Johann Butenandt,1903-03-24,Germany,Germany
1939,Chemistry,Leopold Ruzicka,1887-09-13,Austria-Hungary (Croatia),Switzerland
1939,Literature,Frans Eemil Sillanpää,1888-09-16,Russian Empire (Finland),Finland
1939,Medicine,Gerhard Domagk,1895-10-30,Germany (Poland),West Germany (Germany)
1939,Physics,Ernest Orlando Lawrence,1901-08-08,United States of America,United States of America
1943,Chemistry,George de Hevesy,1885-08-01,Austria-Hungary (Hungary),West Germany (Germany)
1943,Medicine,Henrik Carl Peter Dam,1895-02-21,Denmark,Denmark
1943,Medicine,Edward Adelbert Doisy,1893-11-13,United States of America,United States of America
1943,Physics,Otto Stern,1888-02-17,Germany (Poland),United States of America
1944,Chemistry,Otto Hahn,1879-03-08,Germany,West Germany (Germany)
1944,Literature,Johannes Vilhelm Jensen,1873-01-20,Denmark,Denmark
1944,Medicine,Joseph Erlanger,1874-01-05,United States of America,United States of America
1944,Medicine,Herbert Spencer Gasser,1888-07-05,United States of America,United States of America
1944,Peace,Comité international de la Croix Rouge (International Committee of the Red Cross),,,
1944,Physics,Isidor Isaac Rabi,1898-07-29,Austria-Hungary (Poland),United States of America
1945,Chemistry,Artturi Ilmari Virtanen,1895-01-15,Russian Empire (Finland),Finland
1945,Literature,Gabriela Mistral,1889-04-07,Chile,United States of America
1945,Medicine,Sir Alexander Fleming,1881-08-06,Scotland,United Kingdom
1945,Medicine,Ernst Boris Chain,1906-06-19,Germany,Ireland
1945,Medicine,Sir Howard Walter Florey,1898-09-24,Australia,United Kingdom
1945,Peace,Cordell Hull,1871-10-02,United States of America,United States of America
1945,Physics,Wolfgang Pauli,1900-04-25,Austria,Switzerland
1946,Chemistry,James Batcheller Sumner,1887-11-19,United States of America,United States of America
1946,Chemistry,John Howard Northrop,1891-07-05,United States of America,United States of America
1946,Chemistry,Wendell Meredith Stanley,1904-08-16,United States of America,Spain
1946,Literature,Hermann Hesse,1877-07-02,Germany,Switzerland
1946,Medicine,Hermann Joseph Muller,1890-12-21,United States of America,
1946,Peace,Emily Greene Balch,1867-01-08,United States of America,United States of America
1946,Peace,John Raleigh Mott,1865-05-25,United States of America,United States of America
1946,Physics,Percy Williams Bridgman,1882-04-21,United States of America,United States of America
1947,Chemistry,Sir Robert Robinson,1886-09-13,United Kingdom,United Kingdom
1947,Literature,André Paul Guillaume Gide,1869-11-22,France,France
1947,Medicine,Carl Ferdinand Cori,1896-12-05,Austria-Hungary (Czech Republic),United States of America
1947,Medicine,"Gerty Theresa Cori, née Radnitz",1896-08-15,Austria-Hungary (Czech Republic),United States of America
1947,Medicine,Bernardo Alberto Houssay,1887-04-10,Argentina,Argentina
1947,Peace,Friends Service Council (The Quakers),,,
1947,Peace,American Friends Service Committee (The Quakers),,,
1947,Physics,Sir Edward Victor Appleton,1892-09-06,United Kingdom,Scotland
1948,Chemistry,Arne Wilhelm Kaurin Tiselius,1902-08-10,Sweden,Sweden
1948,Literature,Thomas Stearns Eliot,1888-09-26,United States of America,United Kingdom
1948,Medicine,Paul Hermann Müller,1899-01-12,Switzerland,Switzerland
1948,Physics,Patrick Maynard Stuart Blackett,1897-11-18,United Kingdom,United Kingdom
1949,Chemistry,William Francis Giauque,1895-05-12,Canada,United States of America
1949,Literature,William Faulkner,1897-09-25,United States of America,United States of America
1949,Medicine,Walter Rudolf Hess,1881-03-17,Switzerland,Switzerland
1949,Medicine,Antonio Caetano de Abreu Freire Egas Moniz,1874-11-29,Portugal,Portugal
1949,Medicine,Antonio Caetano de Abreu Freire Egas Moniz,1874-11-29,Portugal,Portugal
1949,Peace,Lord (John) Boyd Orr of Brechin,1880-09-23,Scotland,Scotland
1949,Physics,Hideki Yukawa,1907-01-23,Japan,Japan
1949,Physics,Hideki Yukawa,1907-01-23,Japan,Japan
1950,Chemistry,Otto Paul Hermann Diels,1876-01-23,Germany,West Germany (Germany)
1950,Chemistry,Kurt Alder,1902-07-10,Prussia (Poland),West Germany (Germany)
1950,Literature,Earl (Bertrand Arthur William) Russell,1872-05-18,United Kingdom,United Kingdom
1950,Medicine,Edward Calvin Kendall,1886-03-08,United States of America,United States of America
1950,Medicine,Tadeus Reichstein,1897-07-20,Poland,Switzerland
1950,Medicine,Philip Showalter Hench,1896-02-28,United States of America,Jamaica
1950,Peace,Ralph Bunche,1904-08-07,United States of America,United States of America
1950,Physics,Cecil Frank Powell,1903-12-05,United Kingdom,Italy
1951,Chemistry,Edwin Mattison McMillan,1907-09-18,United States of America,United States of America
1951,Chemistry,Glenn Theodore Seaborg,1912-04-19,United States of America,United States of America
1951,Literature,Pär Fabian Lagerkvist,1891-05-23,Sweden,Sweden
1951,Medicine,Max Theiler,1899-01-30,South Africa,United States of America
1951,Peace,Léon Jouhaux,1879-07-01,France,France
1951,Physics,Sir John Douglas Cockcroft,1897-05-27,United Kingdom,United Kingdom
1951,Physics,Ernest Thomas Sinton Walton,1903-10-06,Ireland,Northern Ireland
1952,Chemistry,Archer John Porter Martin,1910-03-01,United Kingdom,United Kingdom
1952,Chemistry,Richard Laurence Millington Synge,1914-10-28,United Kingdom,United Kingdom
1952,Literature,François Mauriac,1885-10-11,France,France
1952,Medicine,Selman Abraham Waksman,1888-07-22,Russian Empire (Ukraine),United States of America
1952,Peace,Albert Schweitzer,1875-01-14,Germany (France),Gabon
1952,Physics,Felix Bloch,1905-10-23,Switzerland,Switzerland
1952,Physics,Edward Mills Purcell,1912-08-30,United States of America,United States of America
1953,Chemistry,Hermann Staudinger,1881-03-23,Germany,West Germany (Germany)
1953,Chemistry,Hermann Staudinger,1881-03-23,Germany,West Germany (Germany)
1953,Literature,Sir Winston Leonard Spencer Churchill,1874-11-30,United Kingdom,United Kingdom
1953,Medicine,Hans Adolf Krebs,1900-08-25,Germany,United Kingdom
1953,Medicine,Fritz Albert Lipmann,1899-06-12,Germany (Russia),United States of America
1953,Medicine,Fritz Albert Lipmann,1899-06-12,Germany (Russia),United States of America
1953,Peace,George Catlett Marshall,1880-12-31,United States of America,United States of America
1953,Physics,Frits Zernike,1888-07-16,Netherlands,Netherlands
1954,Chemistry,Linus Carl Pauling,1901-02-28,United States of America,United States of America
1954,Literature,Ernest Miller Hemingway,1899-07-21,United States of America,United States of America
1954,Medicine,John Franklin Enders,1897-02-10,United States of America,United States of America
1954,Medicine,John Franklin Enders,1897-02-10,United States of America,United States of America
1954,Medicine,Thomas Huckle Weller,1915-06-15,United States of America,United States of America
1954,Medicine,Frederick Chapman Robbins,1916-08-25,United States of America,United States of America
1954,Peace,Office of the United Nations High Commissioner for Refugees (UNHCR),,,
1954,Physics,Max Born,1882-12-11,Germany (Poland),West Germany (Germany)
1954,Physics,Walther Bothe,1891-01-08,Germany,West Germany (Germany)
1954,Physics,Walther Bothe,1891-01-08,Germany,West Germany (Germany)
1955,Chemistry,Vincent du Vigneaud,1901-05-18,United States of America,United States of America
1955,Literature,Halldór Kiljan Laxness,1902-04-23,Iceland,Iceland
1955,Medicine,Axel Hugo Theodor Theorell,1903-07-06,Sweden,Sweden
1955,Physics,Willis Eugene Lamb,1913-07-12,United States of America,United States of America
1955,Physics,Polykarp Kusch,1911-01-26,Germany,United States of America
1956,Chemistry,Sir Cyril Norman Hinshelwood,1897-05-19,United Kingdom,United Kingdom
1956,Chemistry,Nikolay Nikolaevich Semenov,1896-04-03,Russia,Union of Soviet Socialist Republics
1956,Literature,Juan Ramón Jiménez,1881-12-24,Spain,Puerto Rico
1956,Medicine,André Frédéric Cournand,1895-09-24,France,United States of America
1956,Medicine,Werner Forssmann,1904-08-29,Germany,West Germany (Germany)
1956,Medicine,Werner Forssmann,1904-08-29,Germany,West Germany (Germany)
1956,Medicine,Dickinson W. Richards,1895-10-30,United States of America,United States of America
1956,Physics,William Bradford Shockley,1910-02-13,United Kingdom,United States of America
1956,Physics,John Bardeen,1908-05-23,United States of America,United States of America
1956,Physics,Walter Houser Brattain,1902-02-10,China,United States of America
1957,Chemistry,Lord (Alexander R.) Todd,1907-10-02,Scotland,United Kingdom
1957,Literature,Albert Camus,1913-11-07,French Algeria (Algeria),France
1957,Medicine,Daniel Bovet,1907-03-23,Switzerland,Italy
1957,Peace,Lester Bowles Pearson,1897-04-23,Canada,Canada
1957,Physics,Chen Ning Yang,1922-09-22,China,
1957,Physics,Tsung-Dao (T.D.) Lee,1926-11-24,China,
1958,Chemistry,Frederick Sanger,1918-08-13,United Kingdom,United Kingdom
1958,Literature,Boris Leonidovich Pasternak,1890-02-10,Russia,Russia
1958,Medicine,George Wells Beadle,1903-10-22,United States of America,United States of America
1958,Medicine,Edward Lawrie Tatum,1909-12-14,United States of America,United States of America
1958,Medicine,Joshua Lederberg,1925-05-23,United States of America,United States of America
1958,Peace,Georges Pire,1910-02-10,Belgium,Belgium
1958,Physics,Pavel Alekseyevich Cherenkov,1904-07-28,Russia,Union of Soviet Socialist Republics
1958,Physics,Igor Yevgenyevich Tamm,1895-07-08,Russia,Union of Soviet Socialist Republics (Russia)
1958,Physics,Igor Yevgenyevich Tamm,1895-07-08,Russia,Union of Soviet Socialist Republics (Russia)
1958,Physics,Il´ja Mikhailovich Frank,1908-10-23,Russia,Union of Soviet Socialist Republics (Russia)
1958,Physics,Il´ja Mikhailovich Frank,1908-10-23,Russia,Union of Soviet Socialist Republics (Russia)
1959,Chemistry,Jaroslav Heyrovsky,1890-12-20,Austria-Hungary (Czech Republic),Czechoslovakia
1959,Literature,Salvatore Quasimodo,1901-08-20,Italy,Italy
1959,Medicine,Severo Ochoa,1905-09-24,Spain,Spain
1959,Medicine,Arthur Kornberg,1918-03-03,United States of America,United States of America
1959,Peace,Philip J. Noel-Baker,1889-11-01,United Kingdom,United Kingdom
1959,Physics,Emilio Gino Segrè,1905-02-01,Italy,United States of America
1959,Physics,Owen Chamberlain,1920-07-10,United States of America,United States of America
1960,Chemistry,Willard Frank Libby,1908-12-17,United States of America,United States of America
1960,Literature,Saint-John Perse,1887-05-31,Guadeloupe Island,France
1960,Medicine,Sir Frank Macfarlane Burnet,1899-09-03,Australia,Australia
1960,Medicine,Peter Brian Medawar,1915-02-28,Brazil,United Kingdom
1960,Peace,Albert John Lutuli,1898-00-00,Southern Rhodesia (Zimbabwe),South Africa
1960,Physics,Donald Arthur Glaser,1926-09-21,United States of America,United States of America
1961,Chemistry,Melvin Calvin,1911-04-08,United States of America,United States of America
1961,Literature,Ivo Andric,1892-10-10,Bosnia (Bosnia and Herzegovina),Yugoslavia (Serbia)
1961,Medicine,Georg von Békésy,1899-06-03,Hungary,United States of America
1961,Peace,Dag Hjalmar Agne Carl Hammarskjöld,1905-07-29,Sweden,Northern Rhodesia (Zambia)
1961,Physics,Robert Hofstadter,1915-02-05,United States of America,United States of America
1961,Physics,Rudolf Ludwig Mössbauer,1929-01-31,Germany,
1961,Physics,Rudolf Ludwig Mössbauer,1929-01-31,Germany,
1962,Chemistry,Max Ferdinand Perutz,1914-05-19,Austria,United Kingdom
1962,Chemistry,John Cowdery Kendrew,1917-03-24,United Kingdom,United Kingdom
1962,Literature,John Steinbeck,1902-02-27,United States of America,United States of America
1962,Medicine,Francis Harry Compton Crick,1916-06-08,United Kingdom,United States of America
1962,Medicine,James Dewey Watson,1928-04-06,United States of America,
1962,Medicine,Maurice Hugh Frederick Wilkins,1916-12-15,New Zealand,United Kingdom
1962,Peace,Linus Carl Pauling,1901-02-28,United States of America,United States of America
1962,Physics,Lev Davidovich Landau,1908-01-22,Russian Empire (Azerbaijan),Union of Soviet Socialist Republics (Russia)
1963,Chemistry,Karl Ziegler,1898-11-26,Germany,West Germany (Germany)
1963,Chemistry,Giulio Natta,1903-02-26,Italy,Italy
1963,Literature,Giorgos Seferis,1900-03-13,Ottoman Empire (Turkey),Greece
1963,Medicine,Sir John Carew Eccles,1903-01-27,Australia,Switzerland
1963,Medicine,Alan Lloyd Hodgkin,1914-02-05,United Kingdom,United Kingdom
1963,Medicine,Andrew Fielding Huxley,1917-11-22,United Kingdom,United Kingdom
1963,Peace,Comité international de la Croix Rouge (International Committee of the Red Cross),,,
1963,Peace,Ligue des Sociétés de la Croix-Rouge (League of Red Cross Societies),,,
1963,Physics,Eugene Paul Wigner,1902-11-17,Austria-Hungary (Hungary),United States of America
1963,Physics,Maria Goeppert Mayer,1906-06-28,Germany (Poland),United States of America
1963,Physics,J. Hans D. Jensen,1907-06-25,Germany,West Germany (Germany)
1964,Chemistry,Dorothy Crowfoot Hodgkin,1910-05-12,Egypt,United Kingdom
1964,Literature,Jean-Paul Sartre,1905-06-21,France,France
1964,Medicine,Konrad Bloch,1912-01-21,Germany (Poland),United States of America
1964,Medicine,Feodor Lynen,1911-04-06,Germany,Germany
1964,Peace,Martin Luther King Jr.,1929-01-15,United States of America,United States of America
1964,Physics,Charles Hard Townes,1915-07-28,United States of America,United States of America
1964,Physics,Nicolay Gennadiyevich Basov,1922-12-14,Union of Soviet Socialist Republics (Russia),Russia
1964,Physics,Aleksandr Mikhailovich Prokhorov,1916-07-11,Australia,Russia
1965,Chemistry,Robert Burns Woodward,1917-04-10,United States of America,United States of America
1965,Literature,Mikhail Aleksandrovich Sholokhov,1905-05-24,Russia,Union of Soviet Socialist Republics
1965,Medicine,François Jacob,1920-06-17,France,France
1965,Medicine,André Lwoff,1902-05-08,France,France
1965,Medicine,Jacques Monod,1910-02-09,France,France
1965,Peace,United Nations Children's Fund (UNICEF),,,
1965,Physics,Sin-Itiro Tomonaga,1906-03-31,Japan,Japan
1965,Physics,Julian Schwinger,1918-02-12,United States of America,United States of America
1965,Physics,Richard P. Feynman,1918-05-11,United States of America,United States of America
1966,Chemistry,Robert S. Mulliken,1896-06-07,United States of America,United States of America
1966,Literature,Shmuel Yosef Agnon,1888-07-17,Austria-Hungary (Ukraine),Israel
1966,Literature,Nelly Sachs,1891-12-10,Germany,Sweden
1966,Medicine,Peyton Rous,1879-10-05,United States of America,United States of America
1966,Medicine,Charles Brenton Huggins,1901-09-22,Canada,United States of America
1966,Physics,Alfred Kastler,1902-05-03,Germany (France),France
1967,Chemistry,Manfred Eigen,1927-05-09,Germany,
1967,Chemistry,Ronald George Wreyford Norrish,1897-11-09,United Kingdom,United Kingdom
1967,Chemistry,George Porter,1920-12-06,United Kingdom,United Kingdom
1967,Literature,Miguel Angel Asturias,1899-10-19,Guatemala,Spain
1967,Medicine,Ragnar Granit,1900-10-30,Russian Empire (Finland),Sweden
1967,Medicine,Haldan Keffer Hartline,1903-12-22,United States of America,United States of America
1967,Medicine,George Wald,1906-11-18,United States of America,United States of America
1967,Physics,Hans Albrecht Bethe,1906-07-02,Germany (France),United States of America
1968,Chemistry,Lars Onsager,1903-11-27,Norway,United States of America
1968,Literature,Yasunari Kawabata,1899-06-11,Japan,Japan
1968,Medicine,Robert W. Holley,1922-01-28,United States of America,United States of America
1968,Medicine,Har Gobind Khorana,1922-01-09,India,United States of America
1968,Medicine,Marshall W. Nirenberg,1927-04-10,United States of America,United States of America
1968,Peace,René Cassin,1887-10-05,France,France
1968,Physics,Luis Walter Alvarez,1911-06-13,United States of America,United States of America
1969,Chemistry,Derek H. R. Barton,1918-09-08,United Kingdom,United States of America
1969,Chemistry,Odd Hassel,1897-05-17,Norway,Norway
1969,Economics,Ragnar Frisch,1895-03-03,Norway,Norway
1969,Economics,Jan Tinbergen,1903-04-12,Netherlands,Netherlands
1969,Literature,Samuel Beckett,1906-04-13,Ireland,France
1969,Medicine,Max Delbrück,1906-09-04,Germany,United States of America
1969,Medicine,Alfred D. Hershey,1908-12-04,United States of America,United States of America
1969,Medicine,Salvador E. Luria,1912-08-13,Italy,United States of America
1969,Peace,International Labour Organization (I.L.O.),,,
1969,Physics,Murray Gell-Mann,1929-09-15,United States of America,
1970,Chemistry,Luis F. Leloir,1906-09-06,France,Argentina
1970,Economics,Paul A. Samuelson,1915-05-15,United States of America,United States of America
1970,Literature,Aleksandr Isayevich Solzhenitsyn,1918-12-11,Russia,Russia
1970,Medicine,Sir Bernard Katz,1911-03-26,Germany,United Kingdom
1970,Medicine,Ulf von Euler,1905-02-07,Sweden,Sweden
1970,Medicine,Julius Axelrod,1912-05-30,United States of America,United States of America
1970,Peace,Norman E. Borlaug,1914-03-25,United States of America,United States of America
1970,Physics,Hannes Olof Gösta Alfvén,1908-05-30,Sweden,Sweden
1970,Physics,Louis Eugène Félix Néel,1904-11-22,France,France
1971,Chemistry,Gerhard Herzberg,1904-12-25,Germany,Canada
1971,Economics,Simon Kuznets,1901-04-30,Russian Empire (Belarus),United States of America
1971,Literature,Pablo Neruda,1904-07-12,Chile,Chile
1971,Medicine,"Earl W. Sutherland, Jr.",1915-11-19,United States of America,United States of America
1971,Peace,Willy Brandt,1913-12-18,Germany,Germany
1971,Physics,Dennis Gabor,1900-06-05,Hungary,United Kingdom
1972,Chemistry,Christian B. Anfinsen,1916-03-26,United States of America,United States of America
1972,Chemistry,Stanford Moore,1913-09-04,United States of America,United States of America
1972,Chemistry,William H. Stein,1911-06-25,United States of America,United States of America
1972,Economics,John R. Hicks,1904-04-08,United Kingdom,United Kingdom
1972,Economics,Kenneth J. Arrow,1921-08-23,United States of America,
1972,Literature,Heinrich Böll,1917-12-21,Germany,West Germany (Germany)
1972,Medicine,Gerald M. Edelman,1929-07-01,United States of America,United States of America
1972,Medicine,Rodney R. Porter,1917-10-08,United Kingdom,United Kingdom
1972,Physics,John Bardeen,1908-05-23,United States of America,United States of America
1972,Physics,Leon Neil Cooper,1930-02-28,United States of America,
1972,Physics,John Robert Schrieffer,1931-05-31,United States of America,
1973,Chemistry,Ernst Otto Fischer,1918-11-10,Germany,Germany
1973,Chemistry,Geoffrey Wilkinson,1921-07-14,United Kingdom,United Kingdom
1973,Economics,Wassily Leontief,1906-08-05,Russia,United States of America
1973,Literature,Patrick White,1912-05-28,United Kingdom,Australia
1973,Medicine,Karl von Frisch,1886-11-20,Austria,West Germany (Germany)
1973,Medicine,Konrad Lorenz,1903-11-07,Austria,Austria
1973,Medicine,Nikolaas Tinbergen,1907-04-15,Netherlands,United Kingdom
1973,Peace,Henry A. Kissinger,1923-05-27,Germany,
1973,Peace,Le Duc Tho,1911-10-14,Vietnam,Vietnam
1973,Physics,Leo Esaki,1925-03-12,Japan,
1973,Physics,Ivar Giaever,1929-04-05,Norway,
1973,Physics,Brian David Josephson,1940-01-04,United Kingdom,
1974,Chemistry,Paul J. Flory,1910-06-19,United States of America,United States of America
1974,Economics,Gunnar Myrdal,1898-12-06,Sweden,Sweden
1974,Economics,Friedrich August von Hayek,1899-05-08,Austria,Germany
1974,Literature,Eyvind Johnson,1900-07-29,Sweden,Sweden
1974,Literature,Harry Martinson,1904-05-06,Sweden,Sweden
1974,Medicine,Albert Claude,1898-08-24,Belgium,Belgium
1974,Medicine,Christian de Duve,1917-10-02,United Kingdom,Belgium
1974,Medicine,Christian de Duve,1917-10-02,United Kingdom,Belgium
1974,Medicine,George E. Palade,1912-11-19,Romania,United States of America
1974,Peace,Seán MacBride,1904-01-26,France,Ireland
1974,Peace,Eisaku Sato,1901-03-27,Japan,Japan
1974,Physics,Sir Martin Ryle,1918-09-27,United Kingdom,United Kingdom
1974,Physics,Antony Hewish,1924-05-11,United Kingdom,
1975,Chemistry,John Warcup Cornforth,1917-09-07,Australia,
1975,Chemistry,Vladimir Prelog,1906-07-23,Austria-Hungary (Bosnia and Herzegovina),Switzerland
1975,Economics,Leonid Vitaliyevich Kantorovich,1912-01-19,Russian Empire (Russia),Union of Soviet Socialist Republics (Russia)
1975,Economics,Tjalling C. Koopmans,1910-08-28,Netherlands,United States of America
1975,Literature,Eugenio Montale,1896-10-12,Italy,Italy
1975,Medicine,David Baltimore,1938-03-07,United States of America,
1975,Medicine,Renato Dulbecco,1914-02-22,Italy,United States of America
1975,Medicine,Howard Martin Temin,1934-12-10,United States of America,United States of America
1975,Peace,Andrei Dmitrievich Sakharov,1921-05-21,Russia,Union of Soviet Socialist Republics (Russia)
1975,Physics,Aage Niels Bohr,1922-06-19,Denmark,Denmark
1975,Physics,Ben Roy Mottelson,1926-07-09,United States of America,
1975,Physics,Leo James Rainwater,1917-12-09,United States of America,United States of America
1976,Chemistry,William N. Lipscomb,1919-12-09,United States of America,United States of America
1976,Economics,Milton Friedman,1912-07-31,United States of America,United States of America
1976,Literature,Saul Bellow,1915-06-10,Canada,United States of America
1976,Medicine,Baruch S. Blumberg,1925-07-28,United States of America,United States of America
1976,Medicine,D. Carleton Gajdusek,1923-09-09,United States of America,Norway
1976,Peace,Betty Williams,1943-05-22,Northern Ireland,
1976,Peace,Mairead Corrigan,1944-01-27,Northern Ireland,
1976,Physics,Burton Richter,1931-03-22,United States of America,
1976,Physics,Samuel Chao Chung Ting,1936-01-27,United States of America,
1977,Chemistry,Ilya Prigogine,1917-01-25,Russia,Belgium
1977,Chemistry,Ilya Prigogine,1917-01-25,Russia,Belgium
1977,Economics,Bertil Ohlin,1899-04-23,Sweden,Sweden
1977,Economics,James E. Meade,1907-06-23,United Kingdom,United Kingdom
1977,Literature,Vicente Aleixandre,1898-04-26,Spain,Spain
1977,Medicine,Roger Guillemin,1924-01-11,France,
1977,Medicine,Andrew V. Schally,1926-11-30,Poland (Lithuania),
1977,Medicine,Rosalyn Yalow,1921-07-19,United States of America,United States of America
1977,Peace,Amnesty International,,,
1977,Physics,Philip Warren Anderson,1923-12-13,United States of America,
1977,Physics,Sir Nevill Francis Mott,1905-09-30,United Kingdom,United Kingdom
1977,Physics,John Hasbrouck van Vleck,1899-03-13,United States of America,United States of America
1978,Chemistry,Peter D. Mitchell,1920-09-29,United Kingdom,United Kingdom
1978,Economics,Herbert A. Simon,1916-06-15,United States of America,United States of America
1978,Literature,Isaac Bashevis Singer,1904-07-14,Russian Empire (Poland),United States of America
1978,Medicine,Werner Arber,1929-06-03,Switzerland,
1978,Medicine,Daniel Nathans,1928-10-30,United States of America,United States of America
1978,Medicine,Hamilton O. Smith,1931-08-23,United States of America,
1978,Peace,Mohamed Anwar al-Sadat,1918-12-25,Egypt,Egypt
1978,Peace,Menachem Begin,1913-08-16,Russian Empire (Belarus),Israel
1978,Physics,Pyotr Leonidovich Kapitsa,1894-07-09,Russian Empire (Russia),Union of Soviet Socialist Republics (Russia)
1978,Physics,Arno Allan Penzias,1933-04-26,Germany,
1978,Physics,Robert Woodrow Wilson,1936-01-10,United States of America,
1979,Chemistry,Herbert C. Brown,1912-05-22,United Kingdom,United States of America
1979,Chemistry,Georg Wittig,1897-06-16,Germany,West Germany (Germany)
1979,Economics,Theodore W. Schultz,1902-04-30,United States of America,United States of America
1979,Economics,Sir Arthur Lewis,1915-01-23,British West Indies (Saint Lucia),Barbados
1979,Literature,Odysseus Elytis,1911-11-02,Crete (Greece),Greece
1979,Medicine,Allan M. Cormack,1924-02-23,South Africa,United States of America
1979,Medicine,Godfrey N. Hounsfield,1919-08-28,United Kingdom,United Kingdom
1979,Peace,Mother Teresa,1910-08-26,Ottoman Empire (Republic of Macedonia),India
1979,Physics,Sheldon Lee Glashow,1932-12-05,United States of America,
1979,Physics,Abdus Salam,1926-01-29,India (Pakistan),United Kingdom
1979,Physics,Abdus Salam,1926-01-29,India (Pakistan),United Kingdom
1979,Physics,Steven Weinberg,1933-05-03,United States of America,
1980,Chemistry,Frederick Sanger,1918-08-13,United Kingdom,United Kingdom
1980,Chemistry,Paul Berg,1926-06-30,United States of America,
1980,Chemistry,Walter Gilbert,1932-03-21,United States of America,
1980,Economics,Lawrence R. Klein,1920-09-14,United States of America,United States of America
1980,Literature,Czeslaw Milosz,1911-06-30,Russian Empire (Lithuania),Poland
1980,Medicine,Baruj Benacerraf,1920-10-29,Venezuela,United States of America
1980,Medicine,Jean Dausset,1916-10-19,France,Spain
1980,Medicine,George D. Snell,1903-12-19,United States of America,United States of America
1980,Peace,Adolfo Pérez Esquivel,1931-11-26,Argentina,
1980,Physics,James Watson Cronin,1931-09-29,United States of America,United States of America
1980,Physics,Val Logsdon Fitch,1923-03-10,United States of America,United States of America
1981,Chemistry,Kenichi Fukui,1918-10-04,Japan,Japan
1981,Chemistry,Roald Hoffmann,1937-07-18,Poland (Ukraine),
1981,Economics,James Tobin,1918-03-05,United States of America,United States of America
1981,Literature,Elias Canetti,1905-07-25,Bulgaria,Switzerland
1981,Medicine,Roger W. Sperry,1913-08-20,United States of America,United States of America
1981,Medicine,David H. Hubel,1926-02-27,Canada,United States of America
1981,Medicine,Torsten N. Wiesel,1924-06-03,Sweden,
1981,Peace,Office of the United Nations High Commissioner for Refugees (UNHCR),,,
1981,Physics,Nicolaas Bloembergen,1920-03-11,Netherlands,
1981,Physics,Arthur Leonard Schawlow,1921-05-05,United States of America,United States of America
1981,Physics,Kai M. Siegbahn,1918-04-20,Sweden,Sweden
1982,Chemistry,Aaron Klug,1926-08-11,Lithuania,
1982,Economics,George J. Stigler,1911-01-17,United States of America,United States of America
1982,Literature,Gabriel García Márquez,1927-03-06,Colombia,Mexico
1982,Medicine,Sune K. Bergström,1916-01-10,Sweden,Sweden
1982,Medicine,Bengt I. Samuelsson,1934-05-21,Sweden,
1982,Medicine,John R. Vane,1927-03-29,United Kingdom,United Kingdom
1982,Peace,Alva Myrdal,1902-01-31,Sweden,Sweden
1982,Peace,Alfonso García Robles,1911-03-20,Mexico,Mexico
1982,Physics,Kenneth G. Wilson,1936-06-08,United States of America,United States of America
1983,Chemistry,Henry Taube,1915-11-30,Canada,United States of America
1983,Economics,Gerard Debreu,1921-07-04,France,France
1983,Literature,William Golding,1911-09-19,United Kingdom,United Kingdom
1983,Medicine,Barbara McClintock,1902-06-16,United States of America,United States of America
1983,Peace,Lech Walesa,1943-09-29,Poland,
1983,Physics,Subramanyan Chandrasekhar,1910-10-19,India (Pakistan),United States of America
1983,Physics,William Alfred Fowler,1911-08-09,United States of America,United States of America
1984,Chemistry,Robert Bruce Merrifield,1921-07-15,United States of America,United States of America
1984,Economics,Richard Stone,1913-08-30,United Kingdom,United Kingdom
1984,Literature,Jaroslav Seifert,1901-09-23,Austria-Hungary (Czech Republic),Czechoslovakia
1984,Medicine,Niels K. Jerne,1911-12-23,United Kingdom,France
1984,Medicine,Georges J.F. Köhler,1946-04-17,Germany,Germany
1984,Medicine,César Milstein,1927-10-08,Argentina,United Kingdom
1984,Peace,Desmond Mpilo Tutu,1931-10-07,South Africa,
1984,Physics,Carlo Rubbia,1934-03-31,Italy,Switzerland
1984,Physics,Simon van der Meer,1925-11-24,Netherlands,Switzerland
1985,Chemistry,Herbert A. Hauptman,1917-02-14,United States of America,United States of America
1985,Chemistry,Jerome Karle,1918-06-18,United States of America,
1985,Economics,Franco Modigliani,1918-06-18,Italy,United States of America
1985,Literature,Claude Simon,1913-10-10,Madagascar,France
1985,Medicine,Michael S. Brown,1941-04-13,United States of America,
1985,Medicine,Joseph L. Goldstein,1940-04-18,United States of America,
1985,Peace,International Physicians for the Prevention of Nuclear War,,,
1985,Physics,Klaus von Klitzing,1943-06-28,German-occupied Poland (Poland),
1986,Chemistry,Dudley R. Herschbach,1932-06-18,United States of America,
1986,Chemistry,Yuan T. Lee,1936-11-19,Taiwan,
1986,Chemistry,John C. Polanyi,1929-01-23,Germany,
1986,Economics,James M. Buchanan Jr.,1919-10-03,United States of America,United States of America
1986,Literature,Wole Soyinka,1934-07-13,Nigeria,
1986,Medicine,Stanley Cohen,1922-11-17,United States of America,
1986,Medicine,Rita Levi-Montalcini,1909-04-22,Italy,Italy
1986,Peace,Elie Wiesel,1928-09-30,Romania,United States of America
1986,Physics,Ernst Ruska,1906-12-25,Germany,Germany
1986,Physics,Gerd Binnig,1947-07-20,West Germany (Germany),
1986,Physics,Heinrich Rohrer,1933-06-06,Switzerland,Switzerland
1987,Chemistry,Donald J. Cram,1919-04-22,United States of America,United States of America
1987,Chemistry,Jean-Marie Lehn,1939-09-30,France,
1987,Chemistry,Jean-Marie Lehn,1939-09-30,France,
1987,Chemistry,Charles J. Pedersen,1904-10-03,Korea (South Korea),United States of America
1987,Economics,Robert M. Solow,1924-08-23,United States of America,
1987,Literature,Joseph Brodsky,1940-05-24,Union of Soviet Socialist Republics (Russia),United States of America
1987,Medicine,Susumu Tonegawa,1939-09-06,Japan,
1987,Peace,Oscar Arias Sánchez,1941-09-13,Costa Rica,
1987,Physics,J. Georg Bednorz,1950-05-16,West Germany (Germany),
1987,Physics,K. Alexander Müller,1927-04-20,Switzerland,
1988,Chemistry,Johann Deisenhofer,1943-09-30,Germany,
1988,Chemistry,Johann Deisenhofer,1943-09-30,Germany,
1988,Chemistry,Robert Huber,1937-02-20,Germany,
1988,Chemistry,Hartmut Michel,1948-07-18,West Germany (Germany),
1988,Economics,Maurice Allais,1911-05-31,France,France
1988,Literature,Naguib Mahfouz,1911-12-11,Egypt,Egypt
1988,Medicine,Sir James W. Black,1924-06-14,Scotland,
1988,Medicine,Gertrude B. Elion,1918-01-23,United States of America,United States of America
1988,Medicine,George H. Hitchings,1905-04-18,United States of America,United States of America
1988,Peace,United Nations Peacekeeping Forces,,,
1988,Physics,Leon M. Lederman,1922-07-15,United States of America,
1988,Physics,Melvin Schwartz,1932-11-02,United States of America,United States of America
1988,Physics,Jack Steinberger,1921-05-25,Germany,
1989,Chemistry,Sidney Altman,1939-05-07,Canada,
1989,Chemistry,Thomas R. Cech,1947-12-08,United States of America,
1989,Economics,Trygve Haavelmo,1911-12-13,Norway,Norway
1989,Literature,Camilo José Cela,1916-05-11,Spain,Spain
1989,Medicine,J. Michael Bishop,1936-02-22,United States of America,
1989,Medicine,Harold E. Varmus,1939-12-18,United States of America,
1989,Peace,The 14th Dalai Lama (Tenzin Gyatso),1935-07-06,Tibet (People's Republic of China),
1989,Physics,Norman F. Ramsey,1915-08-27,United States of America,United States of America
1989,Physics,Hans G. Dehmelt,1922-09-09,Prussia (Germany),
1989,Physics,Wolfgang Paul,1913-08-10,Germany,Germany
1990,Chemistry,Elias James Corey,1928-07-12,United States of America,
1990,Economics,Harry M. Markowitz,1927-08-24,United States of America,
1990,Economics,Merton H. Miller,1923-05-16,United States of America,United States of America
1990,Economics,William F. Sharpe,1934-06-16,United States of America,
1990,Literature,Octavio Paz,1914-03-31,Mexico,Mexico
1990,Medicine,Joseph E. Murray,1919-04-01,United States of America,United States of America
1990,Medicine,E. Donnall Thomas,1920-03-15,United States of America,United States of America
1990,Peace,Mikhail Sergeyevich Gorbachev,1931-03-02,Union of Soviet Socialist Republics (Russia),
1990,Physics,Jerome I. Friedman,1930-03-28,United States of America,
1990,Physics,Henry W. Kendall,1926-12-09,United States of America,United States of America
1990,Physics,Richard E. Taylor,1929-11-02,Canada,
1991,Chemistry,Richard R. Ernst,1933-08-14,Switzerland,
1991,Economics,Ronald H. Coase,1910-12-29,United Kingdom,United States of America
1991,Literature,Nadine Gordimer,1923-11-20,South Africa,South Africa
1991,Medicine,Erwin Neher,1944-03-20,Germany,
1991,Medicine,Bert Sakmann,1942-06-12,Germany,
1991,Peace,Aung San Suu Kyi,1945-06-19,Burma (Myanmar),
1991,Physics,Pierre-Gilles de Gennes,1932-10-24,France,France
1992,Chemistry,Rudolph A. Marcus,1923-07-21,Canada,
1992,Economics,Gary S. Becker,1930-12-02,United States of America,United States of America
1992,Literature,Derek Walcott,1930-01-23,Saint Lucia,
1992,Medicine,Edmond H. Fischer,1920-04-06,China,
1992,Medicine,Edwin G. Krebs,1918-06-06,United States of America,United States of America
1992,Peace,Rigoberta Menchú Tum,1959-01-09,Guatemala,
1992,Physics,Georges Charpak,1924-08-01,Poland,France
1992,Physics,Georges Charpak,1924-08-01,Poland,France
1993,Chemistry,Kary B. Mullis,1944-12-28,United States of America,
1993,Chemistry,Michael Smith,1932-04-26,United Kingdom,Canada
1993,Economics,Robert W. Fogel,1927-07-01,United States of America,United States of America
1993,Economics,Douglass C. North,1920-11-05,United States of America,United States of America
1993,Literature,Toni Morrison,1931-02-18,United States of America,
1993,Medicine,Richard J. Roberts,1943-09-06,United Kingdom,
1993,Medicine,Phillip A. Sharp,1944-06-06,United States of America,
1993,Peace,Nelson Mandela,1918-07-18,South Africa,South Africa
1993,Peace,Frederik Willem de Klerk,1936-03-18,South Africa,
1993,Physics,Russell A. Hulse,1950-11-28,United States of America,
1993,Physics,Joseph H. Taylor Jr.,1941-03-29,United States of America,
1994,Chemistry,George A. Olah,1927-05-22,Hungary,
1994,Economics,John C. Harsanyi,1920-05-29,Hungary,United States of America
1994,Economics,John F. Nash Jr.,1928-06-13,United States of America,United States of America
1994,Economics,Reinhard Selten,1930-10-05,Germany (Poland),Poland
1994,Literature,Kenzaburo Oe,1935-01-31,Japan,
1994,Medicine,Alfred G. Gilman,1941-07-01,United States of America,United States of America
1994,Medicine,Martin Rodbell,1925-12-01,United States of America,United States of America
1994,Peace,Yasser Arafat,1929-08-24,Egypt,
1994,Peace,Shimon Peres,1923-08-16,Poland (Belarus),Israel
1994,Peace,Yitzhak Rabin,1922-03-01,British Mandate of Palestine (Israel),Israel
1994,Physics,Bertram N. Brockhouse,1918-07-15,Canada,Canada
1994,Physics,Clifford G. Shull,1915-09-23,United States of America,United States of America
1995,Chemistry,Paul J. Crutzen,1933-12-03,Netherlands,
1995,Chemistry,Mario J. Molina,1943-03-19,Mexico,
1995,Chemistry,F. Sherwood Rowland,1927-06-28,United States of America,United States of America
1995,Economics,Robert E. Lucas Jr.,1937-09-15,United States of America,
1995,Literature,Seamus Heaney,1939-04-13,Northern Ireland,Ireland
1995,Medicine,Edward B. Lewis,1918-05-20,United States of America,United States of America
1995,Medicine,Christiane Nüsslein-Volhard,1942-10-20,Germany,
1995,Medicine,Eric F. Wieschaus,1947-06-08,United States of America,
1995,Peace,Joseph Rotblat,1908-11-04,Russian Empire (Poland),United Kingdom
1995,Peace,Pugwash Conferences on Science and World Affairs,,,
1995,Physics,Martin L. Perl,1927-06-24,United States of America,United States of America
1995,Physics,Frederick Reines,1918-03-16,United States of America,United States of America
1996,Chemistry,Robert F. Curl Jr.,1933-08-23,United States of America,
1996,Chemistry,Sir Harold W. Kroto,1939-10-07,United Kingdom,United Kingdom
1996,Chemistry,Richard E. Smalley,1943-06-06,United States of America,United States of America
1996,Economics,James A. Mirrlees,1936-07-05,Scotland,
1996,Economics,William Vickrey,1914-06-21,Canada,United States of America
1996,Literature,Wislawa Szymborska,1923-07-02,Poland,Poland
1996,Medicine,Peter C. Doherty,1940-10-15,Australia,
1996,Medicine,Rolf M. Zinkernagel,1944-01-06,Switzerland,
1996,Peace,Carlos Filipe Ximenes Belo,1948-02-03,East Timor,
1996,Peace,José Ramos-Horta,1949-12-26,East Timor,
1996,Physics,David M. Lee,1931-01-20,United States of America,
1996,Physics,Douglas D. Osheroff,1945-08-01,United States of America,
1996,Physics,Robert C. Richardson,1937-06-26,United States of America,United States of America
1997,Chemistry,Paul D. Boyer,1918-07-31,United States of America,
1997,Chemistry,John E. Walker,1941-01-07,United Kingdom,
1997,Chemistry,Jens C. Skou,1918-10-08,Denmark,
1997,Economics,Robert C. Merton,1944-07-31,United States of America,
1997,Economics,Myron S. Scholes,1941-07-01,Canada,
1997,Literature,Dario Fo,1926-03-24,Italy,Italy
1997,Medicine,Stanley B. Prusiner,1942-05-28,United States of America,
1997,Peace,International Campaign to Ban Landmines (ICBL),,,
1997,Peace,Jody Williams,1950-10-09,United States of America,
1997,Physics,Steven Chu,1948-02-28,United States of America,
1997,Physics,Claude Cohen-Tannoudji,1933-04-01,French Algeria (Algeria),
1997,Physics,Claude Cohen-Tannoudji,1933-04-01,French Algeria (Algeria),
1997,Physics,William D. Phillips,1948-11-05,United States of America,
1998,Chemistry,Walter Kohn,1923-03-09,Austria,United States of America
1998,Chemistry,John A. Pople,1925-10-31,United Kingdom,United States of America
1998,Economics,Amartya Sen,1933-11-03,India,
1998,Literature,José Saramago,1922-11-16,Portugal,Spain
1998,Medicine,Robert F. Furchgott,1916-06-04,United States of America,United States of America
1998,Medicine,Louis J. Ignarro,1941-05-31,United States of America,
1998,Medicine,Ferid Murad,1936-09-14,United States of America,
1998,Peace,John Hume,1937-01-18,Northern Ireland,
1998,Peace,David Trimble,1944-10-15,Northern Ireland,
1998,Physics,Robert B. Laughlin,1950-11-01,United States of America,
1998,Physics,Horst L. Störmer,1949-04-06,West Germany (Germany),
1998,Physics,Daniel C. Tsui,1939-02-28,China,
1999,Chemistry,Ahmed H. Zewail,1946-02-26,Egypt,
1999,Economics,Robert A. Mundell,1932-10-24,Canada,
1999,Literature,Günter Grass,1927-10-16,Free City of Danzig (Poland),Germany
1999,Medicine,Günter Blobel,1936-05-21,Germany (Poland),
1999,Medicine,Günter Blobel,1936-05-21,Germany (Poland),
1999,Peace,Médecins Sans Frontières,,,
1999,Physics,Gerardus 't Hooft,1946-07-05,Netherlands,
1999,Physics,Martinus J.G. Veltman,1931-06-27,Netherlands,
2000,Chemistry,Alan J. Heeger,1936-01-22,United States of America,
2000,Chemistry,Alan G. MacDiarmid,1927-04-14,New Zealand,United States of America
2000,Chemistry,Hideki Shirakawa,1936-08-20,Japan,
2000,Economics,James J. Heckman,1944-04-19,United States of America,
2000,Economics,Daniel L. McFadden,1937-07-29,United States of America,
2000,Literature,Gao Xingjian,1940-01-04,China,
2000,Medicine,Arvid Carlsson,1923-01-25,Sweden,
2000,Medicine,Paul Greengard,1925-12-11,United States of America,
2000,Medicine,Eric R. Kandel,1929-11-07,Austria,
2000,Peace,Kim Dae-jung,1925-12-03,Korea (South Korea),
2000,Physics,Zhores I. Alferov,1930-03-15,Union of Soviet Socialist Republics (Belarus),
2000,Physics,Herbert Kroemer,1928-08-25,Germany,
2000,Physics,Jack S. Kilby,1923-11-08,United States of America,United States of America
2001,Chemistry,William S. Knowles,1917-06-01,United States of America,United States of America
2001,Chemistry,Ryoji Noyori,1938-09-03,Japan,
2001,Chemistry,K. Barry Sharpless,1941-04-28,United States of America,
2001,Economics,George A. Akerlof,1940-06-17,United States of America,
2001,Economics,A. Michael Spence,1943-00-00,United States of America,
2001,Economics,Joseph E. Stiglitz,1943-02-09,United States of America,
2001,Literature,Sir Vidiadhar Surajprasad Naipaul,1932-08-17,Trinidad,
2001,Medicine,Leland H. Hartwell,1939-10-30,United States of America,
2001,Medicine,Tim Hunt,1943-02-19,United Kingdom,
2001,Medicine,Sir Paul M. Nurse,1949-01-25,United Kingdom,
2001,Peace,United Nations (U.N.),,,
2001,Peace,Kofi Annan,1938-04-08,Gold Coast (Ghana),
2001,Physics,Eric A. Cornell,1961-12-19,United States of America,
2001,Physics,Wolfgang Ketterle,1957-10-21,West Germany (Germany),
2001,Physics,Carl E. Wieman,1951-03-26,United States of America,
2002,Chemistry,John B. Fenn,1917-06-15,United States of America,United States of America
2002,Chemistry,Koichi Tanaka,1959-08-03,Japan,
2002,Chemistry,Kurt Wüthrich,1938-10-04,Switzerland,
2002,Chemistry,Kurt Wüthrich,1938-10-04,Switzerland,
2002,Economics,Daniel Kahneman,1934-03-05,British Mandate of Palestine (Israel),
2002,Economics,Vernon L. Smith,1927-01-01,United States of America,
2002,Literature,Imre Kertész,1929-11-09,Hungary,Hungary
2002,Medicine,Sydney Brenner,1927-01-13,South Africa,
2002,Medicine,H. Robert Horvitz,1947-05-08,United States of America,
2002,Medicine,John E. Sulston,1942-03-27,United Kingdom,
2002,Peace,Jimmy Carter,1924-10-01,United States of America,
2002,Physics,Raymond Davis Jr.,1914-10-14,United States of America,United States of America
2002,Physics,Masatoshi Koshiba,1926-09-19,Japan,
2002,Physics,Riccardo Giacconi,1931-10-06,Italy,
2003,Chemistry,Peter Agre,1949-01-30,United States of America,
2003,Chemistry,Roderick MacKinnon,1956-02-19,United States of America,
2003,Chemistry,Roderick MacKinnon,1956-02-19,United States of America,
2003,Economics,Robert F. Engle III,1942-11-10,United States of America,
2003,Economics,Clive W.J. Granger,1934-09-04,United Kingdom,United States of America
2003,Literature,John M. Coetzee,1940-02-09,South Africa,
2003,Medicine,Paul C. Lauterbur,1929-05-06,United States of America,United States of America
2003,Medicine,Sir Peter Mansfield,1933-10-09,United Kingdom,
2003,Peace,Shirin Ebadi,1947-06-21,Iran,
2003,Physics,Alexei A. Abrikosov,1928-06-25,Union of Soviet Socialist Republics (Russia),
2003,Physics,Vitaly L. Ginzburg,1916-10-04,Russia,
2003,Physics,Anthony J. Leggett,1938-03-26,United Kingdom,
2004,Chemistry,Aaron Ciechanover,1947-10-01,British Protectorate of Palestine (Israel),
2004,Chemistry,Avram Hershko,1937-12-31,Hungary,
2004,Chemistry,Irwin Rose,1926-07-16,United States of America,United States of America
2004,Economics,Finn E. Kydland,1943-12-01,Norway,
2004,Economics,Finn E. Kydland,1943-12-01,Norway,
2004,Economics,Edward C. Prescott,1940-12-26,United States of America,
2004,Economics,Edward C. Prescott,1940-12-26,United States of America,
2004,Literature,Elfriede Jelinek,1946-10-20,Austria,
2004,Medicine,Richard Axel,1946-07-02,United States of America,
2004,Medicine,Linda B. Buck,1947-01-29,United States of America,
2004,Peace,Wangari Muta Maathai,1940-04-01,Kenya,Kenya
2004,Physics,David J. Gross,1941-02-19,United States of America,
2004,Physics,H. David Politzer,1949-08-31,United States of America,
2004,Physics,Frank Wilczek,1951-05-15,United States of America,
2005,Chemistry,Yves Chauvin,1930-10-10,Belgium,France
2005,Chemistry,Robert H. Grubbs,1942-02-27,United States of America,
2005,Chemistry,Richard R. Schrock,1945-01-04,United States of America,
2005,Economics,Robert J. Aumann,1930-06-08,Germany,
2005,Economics,Thomas C. Schelling,1921-04-14,United States of America,United States of America
2005,Literature,Harold Pinter,1930-10-10,United Kingdom,United Kingdom
2005,Medicine,Barry J. Marshall,1951-09-30,Australia,
2005,Medicine,Barry J. Marshall,1951-09-30,Australia,
2005,Medicine,J. Robin Warren,1937-06-11,Australia,
2005,Peace,International Atomic Energy Agency (IAEA),,,
2005,Peace,Mohamed ElBaradei,1942-06-17,Egypt,
2005,Physics,Roy J. Glauber,1925-09-01,United States of America,
2005,Physics,John L. Hall,1934-08-21,United States of America,
2005,Physics,John L. Hall,1934-08-21,United States of America,
2005,Physics,Theodor W. Hänsch,1941-10-30,Germany,
2005,Physics,Theodor W. Hänsch,1941-10-30,Germany,
2006,Chemistry,Roger D. Kornberg,1947-04-24,United States of America,
2006,Economics,Edmund S. Phelps,1933-07-26,United States of America,
2006,Literature,Orhan Pamuk,1952-06-07,Turkey,
2006,Medicine,Andrew Z. Fire,1959-04-27,United States of America,
2006,Medicine,Craig C. Mello,1960-10-19,United States of America,
2006,Peace,Muhammad Yunus,1940-06-28,British India (Bangladesh),
2006,Peace,Grameen Bank,,,
2006,Physics,John C. Mather,1946-08-07,United States of America,
2006,Physics,George F. Smoot,1945-02-20,United States of America,
2007,Chemistry,Gerhard Ertl,1936-10-10,Germany,
2007,Economics,Leonid Hurwicz,1917-08-21,Russia,United States of America
2007,Economics,Eric S. Maskin,1950-12-12,United States of America,
2007,Economics,Roger B. Myerson,1951-03-29,United States of America,
2007,Literature,Doris Lessing,1919-10-22,Persia (Iran),United Kingdom
2007,Medicine,Mario R. Capecchi,1937-10-06,Italy,
2007,Medicine,Mario R. Capecchi,1937-10-06,Italy,
2007,Medicine,Sir Martin J. Evans,1941-01-01,United Kingdom,
2007,Medicine,Oliver Smithies,1925-06-23,United Kingdom,United States of America
2007,Peace,Intergovernmental Panel on Climate Change (IPCC),,,
2007,Peace,Albert Arnold (Al) Gore Jr.,1948-03-31,United States of America,
2007,Physics,Albert Fert,1938-03-07,France,
2007,Physics,Albert Fert,1938-03-07,France,
2007,Physics,Peter Grünberg,1939-05-18,Czechoslovakia (Czech Republic),
2008,Chemistry,Osamu Shimomura,1928-08-27,Japan,
2008,Chemistry,Osamu Shimomura,1928-08-27,Japan,
2008,Chemistry,Martin Chalfie,1947-01-15,United States of America,
2008,Chemistry,Roger Y. Tsien,1952-02-01,United States of America,United States of America
2008,Chemistry,Roger Y. Tsien,1952-02-01,United States of America,United States of America
2008,Economics,Paul Krugman,1953-02-28,United States of America,
2008,Literature,Jean-Marie Gustave Le Clézio,1940-04-13,France,
2008,Medicine,Harald zur Hausen,1936-03-11,Germany,
2008,Medicine,Françoise Barré-Sinoussi,1947-07-30,France,
2008,Medicine,Luc Montagnier,1932-08-18,France,
2008,Peace,Martti Ahtisaari,1937-06-23,Finland,
2008,Physics,Yoichiro Nambu,1921-01-18,Japan,Japan
2008,Physics,Makoto Kobayashi,1944-04-07,Japan,
2008,Physics,Toshihide Maskawa,1940-02-07,Japan,
2008,Physics,Toshihide Maskawa,1940-02-07,Japan,
2009,Chemistry,Venkatraman Ramakrishnan,,India,
2009,Chemistry,Thomas A. Steitz,1940-08-23,United States of America,
2009,Chemistry,Thomas A. Steitz,1940-08-23,United States of America,
2009,Chemistry,Ada E. Yonath,1939-06-22,British Mandate of Palestine (Israel),
2009,Economics,Elinor Ostrom,1933-08-07,United States of America,United States of America
2009,Economics,Elinor Ostrom,1933-08-07,United States of America,United States of America
2009,Economics,Oliver E. Williamson,1932-09-27,United States of America,
2009,Literature,Herta Müller,1953-08-17,Romania,
2009,Medicine,Elizabeth H. Blackburn,1948-11-26,Australia,
2009,Medicine,Carol W. Greider,1961-04-15,United States of America,
2009,Medicine,Jack W. Szostak,1952-11-09,United Kingdom,
2009,Medicine,Jack W. Szostak,1952-11-09,United Kingdom,
2009,Medicine,Jack W. Szostak,1952-11-09,United Kingdom,
2009,Peace,Barack H. Obama,1961-08-04,United States of America,
2009,Physics,Charles Kuen Kao,1933-11-04,China,
2009,Physics,Charles Kuen Kao,1933-11-04,China,
2009,Physics,Willard S. Boyle,1924-08-19,Canada,Canada
2009,Physics,George E. Smith,1930-05-10,United States of America,
2010,Chemistry,Richard F. Heck,1931-08-15,United States of America,Philippines
2010,Chemistry,Ei-ichi Negishi,1935-07-14,China,
2010,Chemistry,Akira Suzuki,1930-09-12,Japan,
2010,Economics,Peter A. Diamond,1940-04-29,United States of America,
2010,Economics,Dale T. Mortensen,1939-02-02,United States of America,United States of America
2010,Economics,Dale T. Mortensen,1939-02-02,United States of America,United States of America
2010,Economics,Christopher A. Pissarides,1948-02-20,Cyprus,
2010,Literature,Mario Vargas Llosa,1936-03-28,Peru,
2010,Medicine,Robert G. Edwards,1925-09-27,United Kingdom,United Kingdom
2010,Peace,Liu Xiaobo,1955-12-28,China,
2010,Physics,Andre Geim,1958-10-21,Russia,
2010,Physics,Konstantin Novoselov,1974-08-23,Russia,
2011,Chemistry,Dan Shechtman,1941-01-24,British Mandate of Palestine (Israel),
2011,Economics,Thomas J. Sargent,1943-07-19,United States of America,
2011,Economics,Christopher A. Sims,1942-10-21,United States of America,
2011,Literature,Tomas Tranströmer,1931-04-15,Sweden,Sweden
2011,Medicine,Bruce A. Beutler,1957-12-29,United States of America,
2011,Medicine,Bruce A. Beutler,1957-12-29,United States of America,
2011,Medicine,Jules A. Hoffmann,1941-08-02,Luxembourg,
2011,Medicine,Ralph M. Steinman,1943-01-14,Canada,
2011,Peace,Ellen Johnson Sirleaf,1938-10-29,Liberia,
2011,Peace,Leymah Gbowee,1972-02-01,Liberia,
2011,Peace,Tawakkol Karman,1979-02-07,Yemen,
2011,Physics,Saul Perlmutter,,United States of America,
2011,Physics,Saul Perlmutter,,United States of America,
2011,Physics,Brian P. Schmidt,1967-02-24,United States of America,
2011,Physics,Adam G. Riess,1969-12-16,United States of America,
2011,Physics,Adam G. Riess,1969-12-16,United States of America,
2012,Chemistry,Robert J. Lefkowitz,1943-04-15,United States of America,
2012,Chemistry,Robert J. Lefkowitz,1943-04-15,United States of America,
2012,Chemistry,Brian K. Kobilka,1955-05-30,United States of America,
2012,Economics,Alvin E. Roth,1951-12-18,United States of America,
2012,Economics,Alvin E. Roth,1951-12-18,United States of America,
2012,Economics,Lloyd S. Shapley,1923-06-02,United States of America,United States of America
2012,Literature,Mo Yan,1955-02-02,China,
2012,Medicine,Sir John B. Gurdon,1933-10-02,United Kingdom,
2012,Medicine,Shinya Yamanaka,1962-09-04,Japan,
2012,Medicine,Shinya Yamanaka,1962-09-04,Japan,
2012,Peace,European Union (EU),,,
2012,Physics,Serge Haroche,1944-09-11,Morocco,
2012,Physics,Serge Haroche,1944-09-11,Morocco,
2012,Physics,David J. Wineland,1944-02-24,United States of America,
2012,Physics,David J. Wineland,1944-02-24,United States of America,
2013,Chemistry,Martin Karplus,1930-03-15,Austria,
2013,Chemistry,Martin Karplus,1930-03-15,Austria,
2013,Chemistry,Michael Levitt,1947-05-09,South Africa,
2013,Chemistry,Arieh Warshel,1940-11-20,British Mandate of Palestine (Israel),
2013,Economics,Eugene F. Fama,1939-02-14,United States of America,
2013,Economics,Lars Peter Hansen,1952-10-26,United States of America,
2013,Economics,Robert J. Shiller,1946-03-29,United States of America,
2013,Literature,Alice Munro,1931-07-10,Canada,
2013,Medicine,James E. Rothman,1950-11-03,United States of America,
2013,Medicine,Randy W. Schekman,1948-12-30,United States of America,
2013,Medicine,Randy W. Schekman,1948-12-30,United States of America,
2013,Medicine,Thomas C. Südhof,1955-12-22,Germany,
2013,Medicine,Thomas C. Südhof,1955-12-22,Germany,
2013,Peace,Organisation for the Prohibition of Chemical Weapons (OPCW),,,
2013,Physics,François Englert,1932-11-06,Belgium,
2013,Physics,Peter W. Higgs,1929-05-29,United Kingdom,
2014,Chemistry,Eric Betzig,1960-01-13,United States of America,
2014,Chemistry,Stefan W. Hell,1962-12-23,Romania,
2014,Chemistry,Stefan W. Hell,1962-12-23,Romania,
2014,Chemistry,William E. Moerner,1953-06-24,United States of America,
2014,Economics,Jean Tirole,1953-08-09,France,
2014,Literature,Patrick Modiano,1945-07-30,France,
2014,Medicine,John O'Keefe,1939-11-18,United States of America,
2014,Medicine,May-Britt Moser,1963-01-04,Norway,
2014,Medicine,Edvard I. Moser,1962-04-27,Norway,
2014,Peace,Kailash Satyarthi,1954-01-11,India,
2014,Peace,Malala Yousafzai,1997-07-12,Pakistan,
2014,Physics,Isamu Akasaki,1929-01-30,Japan,
2014,Physics,Isamu Akasaki,1929-01-30,Japan,
2014,Physics,Hiroshi Amano,1960-09-11,Japan,
2014,Physics,Shuji Nakamura,1954-05-22,Japan,
2015,Chemistry,Tomas Lindahl,1938-01-28,Sweden,
2015,Chemistry,Tomas Lindahl,1938-01-28,Sweden,
2015,Chemistry,Paul Modrich,1946-06-13,United States of America,
2015,Chemistry,Paul Modrich,1946-06-13,United States of America,
2015,Chemistry,Aziz Sancar,1946-09-08,Turkey,
2015,Economics,Angus Deaton,1945-10-19,United Kingdom,
2015,Literature,Svetlana Alexievich,1948-05-31,Ukraine,
2015,Medicine,William C. Campbell,1930-06-28,Ireland,
2015,Medicine,Satoshi Ōmura,1935-07-12,Japan,
2015,Medicine,Youyou Tu,1930-12-30,China,
2015,Peace,National Dialogue Quartet,,,
2015,Physics,Takaaki Kajita,1959-03-09,Japan,
2015,Physics,Arthur B. McDonald,1943-08-29,Canada,
2016,Chemistry,Jean-Pierre Sauvage,1944-10-21,France,
2016,Chemistry,Sir J. Fraser Stoddart,1942-05-24,United Kingdom,
2016,Chemistry,Bernard L. Feringa,1951-05-18,Netherlands,
2016,Economics,Oliver Hart,1948-10-09,United Kingdom,
2016,Economics,Bengt Holmström,1949-04-18,Finland,
2016,Literature,Bob Dylan,1941-05-24,United States of America,
2016,Medicine,Yoshinori Ohsumi,1945-02-09,Japan,
2016,Peace,Juan Manuel Santos,1951-08-10,Colombia,
2016,Physics,David J. Thouless,1934-09-21,United Kingdom,
2016,Physics,F. Duncan M. Haldane,1951-09-14,United Kingdom,
2016,Physics,J. Michael Kosterlitz,1943-06-22,United Kingdom,
